{"graph": {"_type": "graph-file", "path": "media/graph/g.r.a.p.h_summary_64282f9a.graph.json", "sha256": "64282f9a07652d3f721d369ff6cc3f0073a12d92ea9c9fc150eba3572c3d04d1", "size": 304}, "epoch": 99, "root_mean_squared_error": 1.022719144821167, "loss": 1.0160508155822754, "regularization_loss": 0.5783640742301941, "total_loss": 1.5944149494171143, "_step": 99, "_runtime": 62, "_timestamp": 1605280920, "val_root_mean_squared_error": 1.0241076946258545, "val_loss": 1.0310429334640503, "val_regularization_loss": 0.5783373117446899, "val_total_loss": 1.6093802452087402, "best_val_loss": 1.0310429334640503, "best_epoch": 99}