{"graph": {"_type": "graph-file", "path": "media/graph/g.r.a.p.h_summary_64282f9a.graph.json", "sha256": "64282f9a07652d3f721d369ff6cc3f0073a12d92ea9c9fc150eba3572c3d04d1", "size": 304}, "epoch": 99, "root_mean_squared_error": 0.7769491076469421, "loss": 0.5497965812683105, "regularization_loss": 0.02987232618033886, "total_loss": 0.5796688795089722, "_step": 99, "_runtime": 66, "_timestamp": 1605281448, "val_root_mean_squared_error": 0.895391583442688, "val_loss": 0.7988165020942688, "val_regularization_loss": 0.029991740360856056, "val_total_loss": 0.8288082480430603, "best_val_loss": 0.7988165020942688, "best_epoch": 99}