{"graph": {"_type": "graph-file", "path": "media/graph/g.r.a.p.h_summary_64282f9a.graph.json", "sha256": "64282f9a07652d3f721d369ff6cc3f0073a12d92ea9c9fc150eba3572c3d04d1", "size": 304}, "epoch": 99, "root_mean_squared_error": 1.0281916856765747, "loss": 0.9321386814117432, "regularization_loss": 0.5940608382225037, "total_loss": 1.5261995792388916, "_step": 99, "_runtime": 59, "_timestamp": 1605280985, "val_root_mean_squared_error": 1.0293231010437012, "val_loss": 1.1518757343292236, "val_regularization_loss": 0.5940355658531189, "val_total_loss": 1.7459113597869873, "best_val_loss": 1.0284805297851562, "best_epoch": 59}