{"graph": {"_type": "graph-file", "path": "media/graph/g.r.a.p.h_summary_64282f9a.graph.json", "sha256": "64282f9a07652d3f721d369ff6cc3f0073a12d92ea9c9fc150eba3572c3d04d1", "size": 304}, "epoch": 99, "root_mean_squared_error": 1.0282161235809326, "loss": 1.0064138174057007, "regularization_loss": 0.6031952500343323, "total_loss": 1.6096091270446777, "_step": 99, "_runtime": 61, "_timestamp": 1605281293, "val_root_mean_squared_error": 1.0306220054626465, "val_loss": 1.0456805229187012, "val_regularization_loss": 0.6031617522239685, "val_total_loss": 1.6488423347473145, "best_val_loss": 1.0456805229187012, "best_epoch": 99}