{"graph": {"_type": "graph-file", "path": "media/graph/g.r.a.p.h_summary_6940cba7.graph.json", "sha256": "6940cba71ab598aa343057f1fe45fa3c00306149026532aeb3cd3b33b3531af8", "size": 418}, "epoch": 119, "factorized_top_k/top_1_categorical_accuracy": 0.0, "factorized_top_k/top_5_categorical_accuracy": 0.0, "factorized_top_k/top_10_categorical_accuracy": 0.0, "factorized_top_k/top_50_categorical_accuracy": 0.0, "factorized_top_k/top_100_categorical_accuracy": 0.0, "loss": 11098.6435546875, "regularization_loss": 0, "total_loss": 11098.6435546875, "_step": 119, "_runtime": 566, "_timestamp": 1605258475, "val_factorized_top_k/top_1_categorical_accuracy": 0.0006277048960328102, "val_factorized_top_k/top_5_categorical_accuracy": 0.005616307258605957, "val_factorized_top_k/top_10_categorical_accuracy": 0.014073804952204227, "val_factorized_top_k/top_50_categorical_accuracy": 0.07340843975543976, "val_factorized_top_k/top_100_categorical_accuracy": 0.1295054405927658, "val_loss": 13949.7724609375, "val_regularization_loss": 0, "val_total_loss": 13949.7724609375, "best_val_loss": 13949.7724609375, "best_epoch": 119}