{"graph": {"_type": "graph-file", "path": "media/graph/g.r.a.p.h_summary_64282f9a.graph.json", "sha256": "64282f9a07652d3f721d369ff6cc3f0073a12d92ea9c9fc150eba3572c3d04d1", "size": 304}, "epoch": 99, "root_mean_squared_error": 0.7762884497642517, "loss": 0.5360354781150818, "regularization_loss": 0.03284720703959465, "total_loss": 0.5688827037811279, "_step": 99, "_runtime": 68, "_timestamp": 1605281145, "val_root_mean_squared_error": 0.8964056372642517, "val_loss": 0.7446278929710388, "val_regularization_loss": 0.03292490541934967, "val_total_loss": 0.7775527834892273, "best_val_loss": 0.7446278929710388, "best_epoch": 99}