{"graph": {"_type": "graph-file", "path": "media/graph/g.r.a.p.h_summary_50be4b53.graph.json", "sha256": "50be4b5348a9b9d605f52215ff314385a4cb9f40167f8c51c1fdb003594f3fff", "size": 417}, "epoch": 119, "factorized_top_k/top_1_categorical_accuracy": 0.0, "factorized_top_k/top_5_categorical_accuracy": 0.0, "factorized_top_k/top_10_categorical_accuracy": 0.0, "factorized_top_k/top_50_categorical_accuracy": 0.0, "factorized_top_k/top_100_categorical_accuracy": 0.0, "loss": 11441.4736328125, "regularization_loss": 0, "total_loss": 11441.4736328125, "_step": 119, "_runtime": 321, "_timestamp": 1605257407, "val_factorized_top_k/top_1_categorical_accuracy": 0.0012554097920656204, "val_factorized_top_k/top_5_categorical_accuracy": 0.008920017629861832, "val_factorized_top_k/top_10_categorical_accuracy": 0.018831146880984306, "val_factorized_top_k/top_50_categorical_accuracy": 0.0813373401761055, "val_factorized_top_k/top_100_categorical_accuracy": 0.13789686560630798, "val_loss": 13938.0224609375, "val_regularization_loss": 0, "val_total_loss": 13938.0224609375, "best_val_loss": 13938.0224609375, "best_epoch": 119}