{"graph": {"_type": "graph-file", "path": "media/graph/g.r.a.p.h_summary_64282f9a.graph.json", "sha256": "64282f9a07652d3f721d369ff6cc3f0073a12d92ea9c9fc150eba3572c3d04d1", "size": 304}, "epoch": 99, "root_mean_squared_error": 1.0344520807266235, "loss": 1.0147919654846191, "regularization_loss": 0.5593997240066528, "total_loss": 1.574191689491272, "_step": 99, "_runtime": 66, "_timestamp": 1605281223, "val_root_mean_squared_error": 1.0356945991516113, "val_loss": 1.0952136516571045, "val_regularization_loss": 0.5593740940093994, "val_total_loss": 1.654587745666504, "best_val_loss": 1.0281802415847778, "best_epoch": 79}