{"graph": {"_type": "graph-file", "path": "media/graph/g.r.a.p.h_summary_64282f9a.graph.json", "sha256": "64282f9a07652d3f721d369ff6cc3f0073a12d92ea9c9fc150eba3572c3d04d1", "size": 304}, "epoch": 99, "root_mean_squared_error": 0.7767108082771301, "loss": 0.4817854166030884, "regularization_loss": 0.03520793840289116, "total_loss": 0.5169933438301086, "_step": 99, "_runtime": 68, "_timestamp": 1605281369, "val_root_mean_squared_error": 0.8997356295585632, "val_loss": 0.8394989371299744, "val_regularization_loss": 0.03528070077300072, "val_total_loss": 0.8747796416282654, "best_val_loss": 0.8230567574501038, "best_epoch": 19}