{"graph": {"_type": "graph-file", "path": "media/graph/g.r.a.p.h_summary_64282f9a.graph.json", "sha256": "64282f9a07652d3f721d369ff6cc3f0073a12d92ea9c9fc150eba3572c3d04d1", "size": 304}, "epoch": 99, "root_mean_squared_error": 0.7763736248016357, "loss": 0.553521990776062, "regularization_loss": 0.02900363691151142, "total_loss": 0.5825256109237671, "_step": 99, "_runtime": 66, "_timestamp": 1605281063, "val_root_mean_squared_error": 0.8955658674240112, "val_loss": 0.8013399839401245, "val_regularization_loss": 0.028967631980776787, "val_total_loss": 0.8303076028823853, "best_val_loss": 0.7782899141311646, "best_epoch": 39}